timestamp,Rose Geranium
2025-03-04T20:50:30.301259,-1
2025-03-04T20:51:50.340146,12.76
2025-03-04T21:05:01.543214,12.71
2025-03-04T21:06:01.136740,12.47
2025-03-04T21:07:00.823611,12.53
2025-03-04T21:08:01.253462,13.29
2025-03-04T21:09:01.141620,13.71
2025-03-04T21:10:01.051812,14.06
2025-03-04T21:11:00.673018,13.35
2025-03-04T21:12:01.185337,13.53
2025-03-04T21:13:00.789563,14.06
2025-03-04T21:14:01.301860,14.06
2025-03-04T21:15:00.906141,13.65
2025-03-04T21:16:01.835760,13.47
2025-03-04T21:17:01.906412,13.76
2025-03-04T21:18:01.436096,13.71
2025-03-04T21:19:01.346478,12.88
2025-03-04T21:20:00.948581,12.53
2025-03-04T21:21:01.454255,13.41
2025-03-04T21:22:01.062308,13.29
2025-03-04T21:23:00.929703,13.41
2025-03-04T21:24:01.741744,13.35
2025-03-04T21:25:01.345619,13.06
2025-03-04T21:26:01.234362,13.94
2025-03-04T21:27:01.220382,14.18
2025-03-04T21:28:00.746652,13.76
2025-03-04T21:29:01.274114,14.18
2025-03-04T21:30:00.983064,14.18
2025-03-04T21:31:01.378081,24.59
2025-03-04T21:32:00.973286,31.65
2025-03-04T21:33:01.498406,38.47
2025-03-04T21:34:01.101097,45.0
2025-03-04T21:35:00.732615,52.0
2025-03-04T21:36:01.893412,54.76
2025-03-04T21:37:01.515423,59.35
2025-03-04T21:38:01.132526,75.0
2025-03-04T21:39:00.722942,77.06
2025-03-04T21:40:01.232329,75.53
2025-03-04T21:41:00.828700,74.82
2025-03-04T21:42:01.359110,72.06
2025-03-04T21:43:00.948539,70.82
2025-03-04T21:44:01.774474,71.0
2025-03-04T21:45:01.361414,70.06
2025-03-04T21:46:00.957288,70.71
2025-03-04T21:47:01.490664,72.47
2025-03-04T21:48:00.989563,69.59
2025-03-04T21:49:00.587300,70.82
2025-03-04T21:50:01.097163,72.29
2025-03-04T21:51:00.728672,70.88
2025-03-04T21:52:01.815860,59.53
2025-03-04T21:53:01.422369,100.0
2025-03-04T21:54:01.027604,100.0
2025-03-04T21:55:00.614264,100.0
2025-03-04T21:56:01.167405,100.0
2025-03-04T21:57:00.754651,100.0
2025-03-04T21:58:01.573724,100.0
2025-03-04T21:59:01.058181,100.0
2025-03-04T22:00:01.582374,100.0
2025-03-04T22:01:01.247213,100.0
2025-03-04T22:02:01.150165,100.0
2025-03-04T22:03:01.059478,100.0
2025-03-04T22:04:00.573310,100.0
2025-03-04T22:05:01.092935,100.0
2025-03-04T22:06:01.076704,100.0
2025-03-04T22:07:00.594709,100.0
2025-03-04T22:08:01.117209,100.0
2025-03-04T22:09:00.798575,100.0
2025-03-04T22:10:01.236986,100.0
2025-03-04T22:11:01.214510,100.0
2025-03-04T22:12:00.749884,100.0
2025-03-04T22:13:01.252120,100.0
2025-03-04T22:14:01.849991,100.0
2025-03-04T22:15:01.364806,100.0
2025-03-04T22:16:00.666130,100.0
2025-03-04T22:17:01.190603,100.0
2025-03-04T22:18:01.160680,100.0
2025-03-04T22:19:00.694589,100.0
2025-03-04T22:20:01.215529,100.0
2025-03-04T22:21:00.604810,100.0
2025-03-04T22:22:01.122789,48.06
2025-03-04T22:23:01.093901,100.0
2025-03-04T22:24:00.997465,45.29
2025-03-04T22:25:00.904643,47.06
2025-03-04T22:26:01.355216,40.76
2025-03-04T22:27:00.684037,100.0
2025-03-04T22:28:01.600112,62.24
2025-03-04T22:29:01.505373,0.0
2025-03-04T22:30:01.068388,0.0
2025-03-04T22:31:01.015254,0.0
2025-03-04T22:32:01.018199,0.0
2025-03-04T22:33:00.838120,0.0
2025-03-04T22:34:01.751772,0.0
2025-03-04T22:35:01.659080,0.0
2025-03-04T22:36:01.562107,0.0
2025-03-04T22:37:01.470414,0.0
2025-03-04T22:38:01.012615,0.0
2025-03-04T22:39:00.974253,0.0
2025-03-04T22:40:01.424744,0.0
2025-03-04T22:41:01.033121,0.0
2025-03-04T22:42:00.538834,0.0
2025-03-04T22:43:01.029092,0.0
2025-03-04T22:44:00.945010,0.0
2025-03-04T22:45:01.694223,0.0
2025-03-04T22:46:01.057882,0.0
2025-03-04T22:47:00.355292,0.0
2025-03-04T22:48:00.877708,0.0
2025-03-04T22:49:01.709903,0.0
2025-03-04T22:50:01.301925,0.0
2025-03-04T22:51:01.192596,0.0
2025-03-04T22:52:01.126641,0.0
2025-03-04T22:53:00.507607,0.0
2025-03-04T22:54:01.321370,0.0
2025-03-04T22:55:01.242473,0.0
2025-03-04T22:56:01.148310,0.0
2025-03-04T22:57:01.746065,0.0
2025-03-04T22:58:01.255012,0.0
2025-03-04T22:59:00.558547,0.0
2025-03-04T23:00:01.079448,0.0
2025-03-04T23:01:01.058147,0.0
2025-03-04T23:02:00.610834,0.0
2025-03-04T23:03:01.126777,0.0
2025-03-04T23:04:00.496381,0.0
2025-03-04T23:05:01.306755,0.0
2025-03-04T23:06:01.304398,0.0
2025-03-04T23:07:01.123089,0.0
2025-03-04T23:08:01.114843,0.0
2025-03-04T23:09:00.642576,3.35
2025-03-04T23:10:01.154474,0.0
2025-03-04T23:11:01.145033,1.12
2025-03-04T23:12:00.683619,0.0
2025-03-04T23:13:01.177777,3.18
2025-03-04T23:14:01.166613,5.0
2025-03-04T23:15:00.589444,7.24
2025-03-04T23:16:01.118347,4.0
2025-03-04T23:17:01.055544,6.24
2025-03-04T23:18:00.578848,7.88
2025-03-04T23:19:01.428900,7.18
2025-03-04T23:20:01.387610,2.0
2025-03-04T23:21:01.291805,9.65
2025-03-04T23:22:00.862027,8.35
2025-03-04T23:23:02.333850,9.29
2025-03-04T23:24:01.315897,6.82
2025-03-04T23:25:00.875724,8.59
2025-03-04T23:26:01.259310,3.47
2025-03-04T23:27:00.897055,6.76
2025-03-04T23:28:01.374395,7.12
2025-03-04T23:29:01.355793,0.0
2025-03-04T23:30:00.892453,0.0
2025-03-04T23:31:01.389415,3.24
2025-03-04T23:32:01.379954,0.0
2025-03-04T23:33:00.891882,0.0
2025-03-04T23:34:01.445646,0.06
2025-03-04T23:35:01.404083,0.76
2025-03-04T23:36:00.721664,6.24
2025-03-04T23:37:01.728463,3.88
2025-03-04T23:38:01.251236,0.0
2025-03-04T23:39:01.231494,0.0
2025-03-04T23:40:00.753419,0.0
2025-03-04T23:41:01.656544,1.06
2025-03-04T23:42:01.564733,0.82
2025-03-04T23:43:01.097203,0.0
2025-03-04T23:44:00.593509,2.29
2025-03-04T23:45:01.495477,3.71
2025-03-04T23:46:01.397981,2.47
2025-03-04T23:47:01.405811,5.94
2025-03-04T23:48:00.916591,7.47
2025-03-04T23:49:01.446803,10.59
2025-03-04T23:50:01.357139,15.12
2025-03-04T23:51:01.327992,5.59
2025-03-04T23:52:00.841831,1.18
2025-03-04T23:53:01.658926,0.0
2025-03-04T23:54:00.956087,0.0
2025-03-04T23:55:01.492230,0.0
2025-03-04T23:56:01.463318,0.0
2025-03-04T23:57:01.321531,0.0
2025-03-04T23:58:01.273001,4.76
2025-03-04T23:59:01.106834,9.71
2025-03-05T00:00:01.079711,13.06
2025-03-05T00:01:00.739262,14.12
2025-03-05T00:02:01.433352,15.18
2025-03-05T00:03:01.407213,14.53
2025-03-05T00:04:00.941651,4.65
2025-03-05T00:05:01.451571,7.88
2025-03-05T00:06:01.428374,8.94
2025-03-05T00:07:02.197741,11.12
2025-03-05T00:08:01.234359,11.59
2025-03-05T00:09:00.765387,10.53
2025-03-05T00:10:01.276935,11.71
2025-03-05T00:11:01.561236,9.65
2025-03-05T00:12:01.376464,9.65
2025-03-05T00:13:01.372811,8.71
2025-03-05T00:14:00.901909,8.71
2025-03-05T00:15:01.418354,8.06
2025-03-05T00:16:01.388878,6.82
2025-03-05T00:17:01.030914,6.82
2025-03-05T00:18:00.536693,5.82
2025-03-05T00:19:01.431286,6.06
2025-03-05T00:20:00.975810,4.06
2025-03-05T00:21:01.475960,2.29
2025-03-05T00:22:01.451801,3.59
2025-03-05T00:23:00.982536,2.88
2025-03-05T00:24:00.955457,4.65
2025-03-05T00:25:01.403220,2.29
2025-03-05T00:26:01.376952,2.88
2025-03-05T00:27:00.946892,1.71
2025-03-05T00:28:01.802787,1.18
2025-03-05T00:29:01.346247,1.12
2025-03-05T00:30:00.932746,1.12
2025-03-05T00:31:01.462494,1.18
2025-03-05T00:32:01.366431,2.88
2025-03-05T00:33:01.283134,1.12
2025-03-05T00:34:00.852859,0.41
2025-03-05T00:35:01.383097,2.06
2025-03-05T00:36:01.346867,2.65
2025-03-05T00:37:01.256040,3.0
2025-03-05T00:38:00.777280,3.88
2025-03-05T00:39:01.305633,3.47
2025-03-05T00:40:00.910885,3.29
2025-03-05T00:41:01.893789,4.82
2025-03-05T00:42:01.410754,4.65
2025-03-05T00:43:00.713496,4.65
2025-03-05T00:44:01.236537,4.06
2025-03-05T00:45:01.206594,3.41
2025-03-05T00:46:00.732933,2.88
2025-03-05T00:47:01.629485,1.65
2025-03-05T00:48:01.175998,2.12
2025-03-05T00:49:01.058431,0.18
2025-03-05T00:50:01.043764,0.0
2025-03-05T00:51:00.575278,0.18
2025-03-05T00:52:01.012064,0.0
2025-03-05T00:53:00.960439,0.0
2025-03-05T00:54:02.097566,0.0
2025-03-05T00:55:00.702942,0.0
2025-03-05T00:56:01.523463,0.0
2025-03-05T00:57:01.504358,0.0
2025-03-05T00:58:01.037773,0.0
2025-03-05T00:59:00.929752,0.0
2025-03-05T01:00:01.466762,0.0
2025-03-05T01:01:01.057600,0.0
2025-03-05T01:02:00.656394,6.24
2025-03-05T01:03:01.081082,6.94
2025-03-05T01:04:01.272865,7.82
2025-03-05T01:05:00.892727,7.76
2025-03-05T01:06:01.406024,7.18
2025-03-05T01:07:00.690692,8.71
2025-03-05T01:08:01.238691,10.0
2025-03-05T01:09:01.042532,10.59
2025-03-05T01:10:00.396257,10.35
2025-03-05T01:11:01.298337,8.82
2025-03-05T01:12:00.820282,9.76
2025-03-05T01:13:01.356687,10.24
2025-03-05T01:14:01.240095,8.47
2025-03-05T01:15:01.153716,10.29
2025-03-05T01:16:01.129635,10.18
2025-03-05T01:17:00.667018,11.0
2025-03-05T01:18:01.554686,8.88
2025-03-05T01:19:02.073907,9.82
2025-03-05T01:20:00.365743,9.76
2025-03-05T01:21:01.268163,10.29
2025-03-05T01:22:00.803400,9.94
2025-03-05T01:23:01.365767,12.35
2025-03-05T01:24:00.935897,11.65
2025-03-05T01:25:01.386538,12.06
2025-03-05T01:26:01.320925,12.65
2025-03-05T01:27:01.224925,13.12
2025-03-05T01:28:00.747812,13.53
2025-03-05T01:29:01.268061,15.47
2025-03-05T01:30:01.251246,21.71
2025-03-05T01:31:01.156294,23.0
2025-03-05T01:32:00.685508,21.88
2025-03-05T01:33:01.200855,21.0
2025-03-05T01:34:01.177448,22.53
2025-03-05T01:35:00.802253,24.06
2025-03-05T01:36:01.808272,23.76
2025-03-05T01:37:01.331801,23.88
2025-03-05T01:38:01.312050,24.29
2025-03-05T01:39:00.831903,24.47
2025-03-05T01:40:01.355492,23.76
2025-03-05T01:41:00.952918,24.41
2025-03-05T01:42:01.781271,24.35
2025-03-05T01:43:01.759960,24.35
2025-03-05T01:44:01.279431,23.94
2025-03-05T01:45:00.898141,24.94
2025-03-05T01:46:01.407392,25.47
2025-03-05T01:47:00.697627,25.47
2025-03-05T01:48:01.228563,24.76
2025-03-05T01:49:01.190100,25.0
2025-03-05T01:50:00.713521,24.65
2025-03-05T01:51:01.613220,24.29
2025-03-05T01:52:01.438870,25.0
2025-03-05T01:53:01.423548,24.47
2025-03-05T01:54:00.957564,25.12
2025-03-05T01:55:01.469260,25.65
2025-03-05T01:56:01.447526,25.59
2025-03-05T01:57:00.859219,26.65
2025-03-05T01:58:01.353923,27.12
2025-03-05T01:59:01.229336,27.06
2025-03-05T02:00:00.533482,27.53
2025-03-05T02:01:01.090346,26.88
2025-03-05T02:02:00.950520,27.47
2025-03-05T02:03:01.473657,26.29
2025-03-05T02:04:01.376604,26.65
2025-03-05T02:05:01.359722,26.06
2025-03-05T02:06:01.262620,25.24
2025-03-05T02:07:01.092095,27.53
2025-03-05T02:08:00.500349,27.59
2025-03-05T02:09:01.309532,27.71
2025-03-05T02:10:00.611937,27.53
2025-03-05T02:11:01.501661,28.18
2025-03-05T02:12:01.027566,28.41
2025-03-05T02:13:01.001953,28.06
2025-03-05T02:14:00.538070,28.18
2025-03-05T02:15:01.040022,28.29
2025-03-05T02:16:01.021285,28.29
2025-03-05T02:17:00.541497,28.59
2025-03-05T02:18:01.115020,27.88
2025-03-05T02:19:00.551467,27.82
2025-03-05T02:20:01.081824,28.29
2025-03-05T02:21:00.684283,27.88
2025-03-05T02:22:01.493865,28.18
2025-03-05T02:23:01.478201,27.71
2025-03-05T02:24:01.383172,27.53
2025-03-05T02:25:00.900121,27.88
2025-03-05T02:26:01.422056,28.06
2025-03-05T02:27:01.346779,28.41
2025-03-05T02:28:00.993818,28.41
2025-03-05T02:29:00.562907,29.0
2025-03-05T02:30:01.190376,28.65
2025-03-05T02:31:01.155034,28.53
2025-03-05T02:32:00.684644,28.76
2025-03-05T02:33:01.579894,28.12
2025-03-05T02:34:01.115853,28.76
2025-03-05T02:35:01.083932,28.12
2025-03-05T02:36:00.600214,28.41
2025-03-05T02:37:01.812685,28.53
2025-03-05T02:38:01.391357,28.18
2025-03-05T02:39:00.939809,29.24
2025-03-05T02:40:01.559058,28.53
2025-03-05T02:41:01.534830,28.88
2025-03-05T02:42:01.984960,28.82
2025-03-05T02:43:00.339460,28.47
2025-03-05T02:44:00.889239,28.82
2025-03-05T02:45:01.433560,28.82
2025-03-05T02:46:01.295489,28.59
2025-03-05T02:47:01.206360,27.94
2025-03-05T02:48:00.842079,28.47
2025-03-05T02:49:01.329942,28.53
2025-03-05T02:50:01.253969,28.06
2025-03-05T02:51:00.841587,28.53
2025-03-05T02:52:02.332430,28.76
2025-03-05T02:53:01.314916,28.82
2025-03-05T02:54:00.846098,29.35
2025-03-05T02:55:01.390409,28.65
2025-03-05T02:56:01.336444,27.94
2025-03-05T02:57:00.868424,28.06
2025-03-05T02:58:01.421725,27.71
2025-03-05T02:59:01.357727,26.18
2025-03-05T03:00:00.877520,28.47
2025-03-05T03:01:01.421065,28.53
2025-03-05T03:02:01.218604,28.53
2025-03-05T03:03:00.622792,28.65
2025-03-05T03:04:01.134055,28.47
2025-03-05T03:05:01.103697,28.59
2025-03-05T03:06:01.009830,28.35
2025-03-05T03:07:00.840999,29.24
2025-03-05T03:08:01.374062,28.06
2025-03-05T03:09:01.340324,28.35
2025-03-05T03:10:00.868014,28.82
2025-03-05T03:11:01.396438,28.41
2025-03-05T03:12:01.359268,29.29
2025-03-05T03:13:01.373209,28.35
2025-03-05T03:14:01.579402,29.06
2025-03-05T03:15:01.115391,27.82
2025-03-05T03:16:01.082918,27.65
2025-03-05T03:17:00.607838,28.41
2025-03-05T03:18:01.508453,28.53
2025-03-05T03:19:01.032621,28.06
2025-03-05T03:20:01.010307,28.18
2025-03-05T03:21:00.535120,28.59
2025-03-05T03:22:01.053565,28.35
2025-03-05T03:23:01.032618,28.35
2025-03-05T03:24:01.059419,27.53
2025-03-05T03:25:01.047643,27.88
2025-03-05T03:26:00.952323,28.29
2025-03-05T03:27:01.432708,28.53
2025-03-05T03:28:01.001071,28.82
2025-03-05T03:29:00.975028,28.41
2025-03-05T03:30:01.434202,28.12
2025-03-05T03:31:01.400598,28.59
2025-03-05T03:32:00.926248,28.65
2025-03-05T03:33:01.824511,27.71
2025-03-05T03:34:01.729702,27.71
2025-03-05T03:35:01.153515,27.82
2025-03-05T03:36:01.132682,28.29
2025-03-05T03:37:01.033563,28.06
2025-03-05T03:38:00.571053,27.94
2025-03-05T03:39:01.996331,27.76
2025-03-05T03:40:01.058336,27.82
2025-03-05T03:41:00.597428,28.47
2025-03-05T03:42:01.097192,28.35
2025-03-05T03:43:01.077685,28.41
2025-03-05T03:44:00.905644,28.53
2025-03-05T03:45:01.539108,28.18
2025-03-05T03:46:01.513677,28.24
2025-03-05T03:47:01.416763,28.88
2025-03-05T03:48:00.981930,28.29
2025-03-05T03:49:01.226786,28.41
2025-03-05T03:50:00.759079,27.82
2025-03-05T03:51:01.277777,28.18
2025-03-05T03:52:01.248239,27.94
2025-03-05T03:53:00.780965,28.06
2025-03-05T03:54:01.591905,28.18
2025-03-05T03:55:00.877095,28.59
2025-03-05T03:56:01.304514,27.76
2025-03-05T03:57:01.269173,28.53
2025-03-05T03:58:01.275110,28.47
2025-03-05T03:59:00.694664,28.18
2025-03-05T04:00:01.230371,28.12
2025-03-05T04:01:00.810938,28.71
2025-03-05T04:02:01.373138,28.53
2025-03-05T04:03:01.310984,28.29
2025-03-05T04:04:01.129037,27.65
2025-03-05T04:05:00.758104,27.47
2025-03-05T04:06:01.640432,27.59
2025-03-05T04:07:01.749914,27.35
2025-03-05T04:08:01.271950,27.53
2025-03-05T04:09:01.560386,28.35
2025-03-05T04:10:01.085757,27.59
2025-03-05T04:11:01.061179,27.53
2025-03-05T04:12:00.594272,27.59
2025-03-05T04:13:01.130375,27.53
2025-03-05T04:14:01.301844,27.88
2025-03-05T04:15:01.223154,28.12
2025-03-05T04:16:01.202168,27.82
2025-03-05T04:17:00.720082,27.53
2025-03-05T04:18:01.138021,27.88
2025-03-05T04:19:00.425847,27.71
2025-03-05T04:20:00.945702,27.47
2025-03-05T04:21:01.466241,27.53
2025-03-05T04:22:01.445160,28.18
2025-03-05T04:23:00.962174,27.65
2025-03-05T04:24:01.481376,28.06
2025-03-05T04:25:01.098785,27.88
2025-03-05T04:26:01.065981,27.59
2025-03-05T04:27:00.597452,28.35
2025-03-05T04:28:01.401737,27.82
2025-03-05T04:29:01.307700,27.53
2025-03-05T04:30:00.935565,28.59
2025-03-05T04:31:02.039221,28.24
2025-03-05T04:32:00.634634,27.53
2025-03-05T04:33:01.543892,27.53
2025-03-05T04:34:01.077956,27.24
2025-03-05T04:35:00.664484,27.53
2025-03-05T04:36:01.476821,28.18
2025-03-05T04:37:01.466499,28.41
2025-03-05T04:38:00.985565,28.29
2025-03-05T04:39:00.974056,27.82
2025-03-05T04:40:01.412441,27.82
2025-03-05T04:41:00.726699,28.12
2025-03-05T04:42:02.228346,27.88
2025-03-05T04:43:00.504821,27.65
2025-03-05T04:44:01.033234,27.53
2025-03-05T04:45:00.926531,27.0
2025-03-05T04:46:01.751988,27.35
2025-03-05T04:47:02.053660,27.53
2025-03-05T04:48:01.036837,27.53
2025-03-05T04:49:00.560721,27.53
2025-03-05T04:50:01.180054,27.53
2025-03-05T04:51:00.489528,27.12
2025-03-05T04:52:01.000625,27.47
2025-03-05T04:53:00.976456,27.47
2025-03-05T04:54:01.420673,27.24
2025-03-05T04:55:01.040265,26.65
2025-03-05T04:56:00.614374,26.65
2025-03-05T04:57:01.152499,27.12
2025-03-05T04:58:01.114080,26.71
2025-03-05T04:59:00.664810,27.18
2025-03-05T05:00:01.151503,26.65
2025-03-05T05:01:00.548231,27.53
2025-03-05T05:02:01.452964,26.76
2025-03-05T05:03:00.954953,26.65
2025-03-05T05:04:02.146863,26.76
2025-03-05T05:05:01.131935,26.65
2025-03-05T05:06:00.644037,27.0
2025-03-05T05:07:01.553972,26.18
2025-03-05T05:08:01.077949,27.0
2025-03-05T05:09:00.965839,27.71
2025-03-05T05:10:01.509966,26.71
2025-03-05T05:11:01.479557,26.94
2025-03-05T05:12:00.990359,27.24
2025-03-05T05:13:00.892579,27.24
2025-03-05T05:14:01.723631,26.94
2025-03-05T05:15:01.341940,27.24
2025-03-05T05:16:00.917707,26.65
2025-03-05T05:17:01.825287,26.29
2025-03-05T05:18:01.381116,27.12
2025-03-05T05:19:01.326400,26.0
2025-03-05T05:20:00.857121,27.0
2025-03-05T05:21:01.366753,26.65
2025-03-05T05:22:01.258745,25.71
2025-03-05T05:23:00.774318,26.06
2025-03-05T05:24:01.667369,26.76
2025-03-05T05:25:01.208039,26.24
2025-03-05T05:26:00.790384,25.65
2025-03-05T05:27:01.292856,26.0
2025-03-05T05:28:01.284764,27.53
2025-03-05T05:29:01.186048,26.18
2025-03-05T05:30:00.751259,27.12
2025-03-05T05:31:01.225097,26.24
2025-03-05T05:32:01.210655,26.76
2025-03-05T05:33:01.112685,27.41
2025-03-05T05:34:00.534360,25.82
2025-03-05T05:35:01.079461,26.65
2025-03-05T05:36:00.682352,27.47
2025-03-05T05:37:01.473936,26.88
2025-03-05T05:38:01.118864,25.94
2025-03-05T05:39:00.714739,27.12
2025-03-05T05:40:01.210131,26.06
2025-03-05T05:41:01.181167,26.0
2025-03-05T05:42:01.017437,25.94
2025-03-05T05:43:00.993108,27.18
2025-03-05T05:44:00.436139,25.94
2025-03-05T05:45:00.929460,25.94
2025-03-05T05:46:01.452920,26.76
2025-03-05T05:47:01.354081,26.06
2025-03-05T05:48:01.337371,26.76
2025-03-05T05:49:01.854481,25.94
2025-03-05T05:50:01.384438,26.71
2025-03-05T05:51:01.283968,26.24
2025-03-05T05:52:01.262269,25.65
2025-03-05T05:53:00.787568,27.35
2025-03-05T05:54:01.306793,26.65
2025-03-05T05:55:00.706725,26.71
2025-03-05T05:56:01.210937,26.65
2025-03-05T05:57:01.197661,27.29
2025-03-05T05:58:00.727757,26.88
2025-03-05T05:59:01.523657,27.24
2025-03-05T06:00:01.521816,27.29
2025-03-05T06:01:01.427742,26.76
2025-03-05T06:02:00.944559,26.24
2025-03-05T06:03:01.462872,26.18
2025-03-05T06:04:01.367255,26.76
2025-03-05T06:05:01.354189,25.65
2025-03-05T06:06:00.778163,26.71
2025-03-05T06:07:01.294295,26.65
2025-03-05T06:08:00.958312,25.76
2025-03-05T06:09:02.403132,25.65
2025-03-05T06:10:00.996212,25.71
2025-03-05T06:11:00.999472,26.18
2025-03-05T06:12:00.520257,26.0
2025-03-05T06:13:01.044538,25.82
2025-03-05T06:14:00.970314,26.65
2025-03-05T06:15:01.464588,27.0
2025-03-05T06:16:01.762599,26.18
2025-03-05T06:17:01.215431,27.0
2025-03-05T06:18:01.071545,26.0
2025-03-05T06:19:01.067417,25.65
2025-03-05T06:20:00.598048,26.06
2025-03-05T06:21:01.109730,25.76
2025-03-05T06:22:01.088329,26.71
2025-03-05T06:23:00.602869,26.12
2025-03-05T06:24:01.513541,25.94
2025-03-05T06:25:01.024695,27.12
2025-03-05T06:26:01.007194,26.65
2025-03-05T06:27:00.531563,26.94
2025-03-05T06:28:00.949606,27.18
2025-03-05T06:29:01.475982,26.82
2025-03-05T06:30:01.064238,25.65
2025-03-05T06:31:01.053260,25.59
2025-03-05T06:32:00.574201,26.0
2025-03-05T06:33:01.477568,26.0
2025-03-05T06:34:01.023082,25.65
2025-03-05T06:35:00.591146,25.47
2025-03-05T06:36:01.502349,26.24
2025-03-05T06:37:01.405428,26.65
2025-03-05T06:38:00.934193,25.82
2025-03-05T06:39:01.340291,26.71
2025-03-05T06:40:00.631786,26.94
2025-03-05T06:41:01.143849,25.94
2025-03-05T06:42:00.443519,26.24
2025-03-05T06:43:00.967073,26.18
2025-03-05T06:44:01.863960,25.71
2025-03-05T06:45:01.473742,26.71
2025-03-05T06:46:00.927603,26.94
2025-03-05T06:47:01.752920,26.0
2025-03-05T06:48:01.739856,26.88
2025-03-05T06:49:01.656585,26.0
2025-03-05T06:50:00.964283,26.0
2025-03-05T06:51:01.474091,26.0
2025-03-05T06:52:00.760608,26.65
2025-03-05T06:53:01.276723,27.12
2025-03-05T06:54:01.262875,25.94
2025-03-05T06:55:00.807246,25.94
2025-03-05T06:56:01.687025,26.65
2025-03-05T06:57:02.206109,26.65
2025-03-05T06:58:01.109839,27.0
2025-03-05T06:59:01.093553,27.18
2025-03-05T07:00:00.606010,26.06
2025-03-05T07:01:01.226259,26.88
2025-03-05T07:02:00.746181,26.18
2025-03-05T07:03:01.274192,25.82
2025-03-05T07:04:01.224721,26.18
2025-03-05T07:05:00.739679,25.71
2025-03-05T07:06:01.647955,26.0
2025-03-05T07:07:01.460325,26.65
2025-03-05T07:08:01.362875,25.65
2025-03-05T07:09:00.668462,25.82
2025-03-05T07:10:01.184125,27.0
2025-03-05T07:11:00.712614,25.65
2025-03-05T07:12:01.234853,26.71
2025-03-05T07:13:00.816814,26.0
2025-03-05T07:14:01.340556,26.06
2025-03-05T07:15:00.907484,27.35
2025-03-05T07:16:01.424265,27.12
2025-03-05T07:17:01.020521,26.65
2025-03-05T07:18:01.005361,26.24
2025-03-05T07:19:00.516229,27.0
2025-03-05T07:20:01.428948,26.29
2025-03-05T07:21:00.951667,25.65
2025-03-05T07:22:01.858504,27.29
2025-03-05T07:23:01.474818,26.0
2025-03-05T07:24:01.452135,26.18
2025-03-05T07:25:00.999675,26.18
2025-03-05T07:26:00.601960,26.06
2025-03-05T07:27:01.083655,26.24
2025-03-05T07:28:01.068205,25.65
2025-03-05T07:29:00.622440,26.06
2025-03-05T07:30:01.099653,26.71
2025-03-05T07:31:00.430053,25.94
2025-03-05T07:32:00.912156,25.82
2025-03-05T07:33:01.998819,25.47
2025-03-05T07:34:00.982108,25.94
2025-03-05T07:35:00.889301,25.65
2025-03-05T07:36:01.383352,26.18
2025-03-05T07:37:01.310469,25.59
2025-03-05T07:38:00.838538,25.59
2025-03-05T07:39:01.378706,26.71
2025-03-05T07:40:00.993474,25.71
2025-03-05T07:41:00.931492,25.94
2025-03-05T07:42:01.416807,26.0
2025-03-05T07:43:00.871360,25.71
2025-03-05T07:44:01.880001,25.82
2025-03-05T07:45:01.708505,26.24
2025-03-05T07:46:00.994151,25.12
2025-03-05T07:47:00.286809,25.82
2025-03-05T07:48:01.191159,79.24
2025-03-05T07:49:01.096558,73.65
2025-03-05T07:50:00.635111,36.06
2025-03-05T07:51:01.151154,31.29
2025-03-05T07:52:01.120895,27.88
2025-03-05T07:53:00.646230,25.71
2025-03-05T07:54:01.159824,23.76
2025-03-05T07:55:01.065088,23.59
2025-03-05T07:56:00.965108,19.24
2025-03-05T07:57:01.504975,17.82
2025-03-05T07:58:01.473011,16.65
2025-03-05T07:59:00.991824,15.88
2025-03-05T08:00:00.934099,15.29
2025-03-05T08:01:01.418782,15.12
2025-03-05T08:02:01.402250,13.0
2025-03-05T08:03:01.304945,27.65
2025-03-05T08:04:00.843115,61.65
2025-03-05T08:05:01.553625,16.47
2025-03-05T08:06:01.532127,16.06
2025-03-05T08:07:01.440150,13.82
2025-03-05T08:08:00.977664,56.88
2025-03-05T08:09:01.433355,24.76
2025-03-05T08:10:01.415611,8.76
2025-03-05T08:11:00.932919,29.06
2025-03-05T08:12:01.837170,29.76
2025-03-05T08:13:01.381702,32.35
2025-03-05T08:14:01.335054,32.47
2025-03-05T08:15:00.847532,32.53
2025-03-05T08:16:01.264457,33.24
2025-03-05T08:17:01.254612,32.88
2025-03-05T08:18:00.788022,33.18
2025-03-05T08:19:01.317582,33.35
2025-03-05T08:20:00.903939,32.18
2025-03-05T08:21:01.422981,32.76
2025-03-05T08:22:01.391119,32.35
2025-03-05T08:23:00.905965,31.29
2025-03-05T08:24:01.812235,31.59
2025-03-05T08:25:01.566992,31.82
2025-03-05T08:26:01.618736,32.06
2025-03-05T08:27:01.527022,33.24
2025-03-05T08:28:01.056275,33.94
2025-03-05T08:29:01.023529,34.06
2025-03-05T08:30:00.541554,33.71
2025-03-05T08:31:01.063810,30.76
2025-03-05T08:32:00.670326,33.0
2025-03-05T08:33:01.192198,34.88
2025-03-05T08:34:00.784015,35.06
2025-03-05T08:35:01.678791,34.47
2025-03-05T08:36:01.208113,35.06
2025-03-05T08:37:01.181198,35.06
2025-03-05T08:38:00.724900,33.71
2025-03-05T08:39:01.518324,34.18
2025-03-05T08:40:01.137310,34.35
2025-03-05T08:41:00.452697,34.76
2025-03-05T08:42:00.946281,33.94
2025-03-05T08:43:01.465166,33.29
2025-03-05T08:44:01.445799,32.53
2025-03-05T08:45:01.345327,31.47
2025-03-05T08:46:00.906222,32.18
2025-03-05T08:47:01.593524,32.24
2025-03-05T08:48:01.674062,31.65
2025-03-05T08:49:01.003827,25.71
2025-03-05T08:50:00.597622,24.18
2025-03-05T08:51:01.110984,31.0
2025-03-05T08:52:01.023184,23.18
2025-03-05T08:53:00.608621,28.41
2025-03-05T08:54:01.506312,31.59
2025-03-05T08:55:01.934317,33.82
2025-03-05T08:56:01.542088,29.53
2025-03-05T08:57:01.446701,20.0
2025-03-05T08:58:01.432172,16.24
2025-03-05T08:59:00.855141,19.24
2025-03-05T09:00:01.381930,20.41
2025-03-05T09:01:01.593167,17.12
2025-03-05T09:02:01.593874,17.71
2025-03-05T09:03:01.100803,16.88
2025-03-05T09:04:01.065061,16.59
2025-03-05T09:05:00.580749,12.59
2025-03-05T09:06:01.487141,55.24
2025-03-05T09:07:01.000686,60.59
2025-03-05T09:08:00.987845,56.76
2025-03-05T09:09:00.530667,57.53
2025-03-05T09:10:00.827841,52.94
2025-03-05T09:11:01.347990,0.0
2025-03-05T09:12:01.321251,0.0
2025-03-05T09:13:00.846203,0.0
2025-03-05T09:14:01.478678,68.35
2025-03-05T09:15:00.994567,71.35
2025-03-05T09:16:01.582549,74.59
2025-03-05T09:17:01.483307,75.24
2025-03-05T09:18:01.001077,76.29
2025-03-05T09:19:00.300962,76.18
2025-03-05T09:20:00.830333,76.29
2025-03-05T09:21:02.024636,77.59
2025-03-05T09:22:01.010219,77.53
2025-03-05T09:23:00.539316,78.88
2025-03-05T09:24:01.046235,78.41
2025-03-05T09:25:00.361485,78.94
2025-03-05T09:26:00.875202,78.41
2025-03-05T09:27:01.374179,75.41
2025-03-05T09:28:00.691563,75.47
2025-03-05T09:29:01.213617,77.12
2025-03-05T09:30:01.171684,77.76
2025-03-05T09:31:00.739513,76.59
2025-03-05T09:32:01.801637,75.88
2025-03-05T09:33:01.706802,75.12
2025-03-05T09:34:01.611126,74.41
2025-03-05T09:35:01.153078,75.59
2025-03-05T09:36:01.111604,78.12
2025-03-05T09:37:01.075269,77.06
2025-03-05T09:38:00.541519,75.18
2025-03-05T09:39:01.057125,78.71
2025-03-05T09:40:00.667746,78.59
2025-03-05T09:41:01.177033,74.59
2025-03-05T09:42:00.469463,75.0
2025-03-05T09:43:00.994413,75.71
2025-03-05T09:44:00.965382,74.59
2025-03-05T09:45:01.412417,74.88
2025-03-05T09:46:01.388186,75.53
2025-03-05T09:47:01.568772,74.59
2025-03-05T09:48:01.092878,76.35
2025-03-05T09:49:01.071582,76.29
2025-03-05T09:50:00.588604,75.65
2025-03-05T09:51:01.107550,75.35
2025-03-05T09:52:01.320931,74.65
2025-03-05T09:53:01.299974,74.41
2025-03-05T09:54:00.716472,73.71
2025-03-05T09:55:01.622040,73.65
2025-03-05T09:56:01.159752,74.82
2025-03-05T09:57:00.430415,75.59
2025-03-05T09:58:01.333646,77.53
2025-03-05T09:59:01.237643,77.71
2025-03-05T10:00:01.143254,78.35
2025-03-05T10:01:00.670036,78.53
2025-03-05T10:02:01.873182,79.0
2025-03-05T10:03:01.386503,78.35
2025-03-05T10:04:00.885901,78.65
2025-03-05T10:05:01.303966,78.06
2025-03-05T10:06:01.284648,77.24
2025-03-05T10:07:00.836914,78.0
2025-03-05T10:08:01.706931,77.41
2025-03-05T10:09:01.224641,78.24
2025-03-05T10:10:00.836535,78.35
2025-03-05T10:11:01.340485,78.35
2025-03-05T10:12:01.323817,78.59
2025-03-05T10:13:01.226886,78.0
2025-03-05T10:14:00.748191,78.35
2025-03-05T10:15:01.651292,79.65
2025-03-05T10:16:01.171948,79.59
2025-03-05T10:17:01.152875,78.47
2025-03-05T10:18:00.982818,78.0
2025-03-05T10:19:00.959088,79.24
2025-03-05T10:20:01.414037,78.18
2025-03-05T10:21:00.993903,78.88
2025-03-05T10:22:00.414700,78.65
2025-03-05T10:23:00.937443,79.18
2025-03-05T10:24:01.670432,78.47
2025-03-05T10:25:01.254019,78.24
2025-03-05T10:26:00.536299,77.82
2025-03-05T10:27:01.049607,78.76
2025-03-05T10:28:01.002402,78.53
2025-03-05T10:29:00.926247,79.29
2025-03-05T10:30:01.366462,78.29
2025-03-05T10:31:00.701047,77.94
2025-03-05T10:32:01.212655,78.71
2025-03-05T10:33:01.157155,78.47
2025-03-05T10:34:00.738628,78.53
2025-03-05T10:35:01.884780,79.12
2025-03-05T10:36:01.788554,79.24
2025-03-05T10:37:01.691297,80.18
2025-03-05T10:38:01.597768,76.53
2025-03-05T10:39:01.121831,78.41
2025-03-05T10:40:01.097475,78.41
2025-03-05T10:41:00.409955,78.76
2025-03-05T10:42:00.827501,78.35
2025-03-05T10:43:01.350437,78.35
2025-03-05T10:44:01.328960,77.59
2025-03-05T10:45:00.843849,77.59
2025-03-05T10:46:01.364119,78.65
2025-03-05T10:47:01.346185,78.35
2025-03-05T10:48:01.354098,78.65
2025-03-05T10:49:01.256739,78.18
2025-03-05T10:50:00.785387,78.53
2025-03-05T10:51:01.605099,78.41
2025-03-05T10:52:00.943260,78.53
2025-03-05T10:53:01.850913,78.29
2025-03-05T10:54:01.366154,78.06
2025-03-05T10:55:01.352588,78.53
2025-03-05T10:56:01.871994,78.0
2025-03-05T10:57:01.775614,78.35
2025-03-05T10:58:01.682812,77.47
2025-03-05T10:59:01.202852,78.0
2025-03-05T11:00:00.813672,77.29
2025-03-05T11:01:01.757110,78.35
2025-03-05T11:02:01.235864,78.12
2025-03-05T11:03:00.834025,77.76
2025-03-05T11:04:01.727552,78.12
2025-03-05T11:05:01.248795,77.53
2025-03-05T11:06:01.230630,77.94
2025-03-05T11:07:02.276558,77.0
2025-03-05T11:08:01.348231,77.71
2025-03-05T11:09:00.880930,78.35
2025-03-05T11:10:01.502871,77.71
2025-03-05T11:11:01.475814,78.0
2025-03-05T11:12:01.380299,77.41
2025-03-05T11:13:01.224335,77.59
2025-03-05T11:14:01.110871,77.06
2025-03-05T11:15:01.095009,76.53
2025-03-05T11:16:00.638916,77.59
2025-03-05T11:17:01.520949,77.06
2025-03-05T11:18:01.046108,77.35
2025-03-05T11:19:00.948645,77.12
2025-03-05T11:20:01.858024,77.71
2025-03-05T11:21:01.964522,77.35
2025-03-05T11:22:01.485414,78.0
2025-03-05T11:23:01.090815,76.47
2025-03-05T11:24:00.600709,76.82
2025-03-05T11:25:01.147968,77.59
2025-03-05T11:26:00.711263,77.94
2025-03-05T11:27:01.250801,77.76
2025-03-05T11:28:00.826184,82.18
2025-03-05T11:29:01.365589,77.47
2025-03-05T11:30:01.327824,77.24
2025-03-05T11:31:00.747615,77.35
2025-03-05T11:32:01.289379,76.71
2025-03-05T11:33:00.865147,77.0
2025-03-05T11:34:01.760302,77.12
2025-03-05T11:35:01.331488,76.76
2025-03-05T11:36:01.163638,77.29
2025-03-05T11:37:01.162492,77.29
2025-03-05T11:38:00.698170,76.53
2025-03-05T11:39:01.200523,77.12
2025-03-05T11:40:00.599455,77.12
2025-03-05T11:41:01.498158,77.53
2025-03-05T11:42:01.074503,77.06
2025-03-05T11:43:00.636842,77.41
2025-03-05T11:44:01.752995,77.24
2025-03-05T11:45:01.723023,77.41
2025-03-05T11:46:01.282593,77.29
2025-03-05T11:47:01.223565,76.41
2025-03-05T11:48:00.744457,76.47
2025-03-05T11:49:01.275305,77.06
2025-03-05T11:50:00.536900,77.29
2025-03-05T11:51:01.358240,75.88
2025-03-05T11:52:01.358676,77.29
2025-03-05T11:53:01.261082,77.0
2025-03-05T11:54:00.834076,76.71
2025-03-05T11:55:01.352176,76.47
2025-03-05T11:56:01.060661,76.59
2025-03-05T11:57:00.547061,77.0
2025-03-05T11:58:01.452746,76.47
2025-03-05T11:59:01.310824,76.53
2025-03-05T12:00:00.866391,75.71
2025-03-05T12:01:01.391166,76.41
2025-03-05T12:02:00.986134,76.76
2025-03-05T12:03:00.884185,76.47
2025-03-05T12:04:01.427090,76.59
2025-03-05T12:05:01.398305,75.65
2025-03-05T12:06:01.303547,76.59
2025-03-05T12:07:00.816120,76.71
2025-03-05T12:08:01.649954,76.82
2025-03-05T12:09:01.630812,76.47
2025-03-05T12:10:01.174700,76.35
2025-03-05T12:11:01.134024,76.35
2025-03-05T12:12:00.701133,76.53
2025-03-05T12:13:01.482989,76.53
2025-03-05T12:14:00.790964,76.47
2025-03-05T12:15:01.691033,76.12
2025-03-05T12:16:01.683268,76.47
2025-03-05T12:17:01.586923,76.71
2025-03-05T12:18:01.122551,76.41
2025-03-05T12:19:01.018516,76.47
2025-03-05T12:20:00.626449,76.29
2025-03-05T12:21:01.169452,75.47
2025-03-05T12:22:01.158878,75.76
2025-03-05T12:23:00.670858,76.12
2025-03-05T12:24:01.229127,76.53
2025-03-05T12:25:00.814950,76.47
2025-03-05T12:26:01.233507,75.53
2025-03-05T12:27:01.200434,75.06
2025-03-05T12:28:01.011048,75.59
2025-03-05T12:29:00.638630,75.53
2025-03-05T12:30:01.465933,75.47
2025-03-05T12:31:00.773101,75.29
2025-03-05T12:32:01.650514,74.88
2025-03-05T12:33:01.556955,75.24
2025-03-05T12:34:01.461911,74.82
2025-03-05T12:35:00.990799,75.24
2025-03-05T12:36:01.170273,74.0
2025-03-05T12:37:01.075366,74.53
2025-03-05T12:38:00.615516,74.59
2025-03-05T12:39:01.132229,75.53
2025-03-05T12:40:00.706928,73.88
2025-03-05T12:41:01.618668,75.65
2025-03-05T12:42:01.524457,75.12
2025-03-05T12:43:01.057515,75.18
2025-03-05T12:44:00.344427,74.76
2025-03-05T12:45:00.852640,75.82
2025-03-05T12:46:02.374141,75.18
2025-03-05T12:47:00.887177,76.06
2025-03-05T12:48:01.398475,75.65
2025-03-05T12:49:01.372487,75.88
2025-03-05T12:50:00.909463,75.59
2025-03-05T12:51:01.410677,76.41
2025-03-05T12:52:01.398610,75.88
2025-03-05T12:53:00.944670,75.29
2025-03-05T12:54:01.391378,75.47
2025-03-05T12:55:01.379985,75.53
2025-03-05T12:56:01.223653,75.59
2025-03-05T12:57:01.185364,76.24
2025-03-05T12:58:00.658309,75.35
2025-03-05T12:59:01.113578,75.53
2025-03-05T13:00:01.103081,75.24
2025-03-05T13:01:00.675925,75.18
2025-03-05T13:02:01.187081,76.47
2025-03-05T13:03:01.123774,75.47
2025-03-05T13:04:00.966765,75.88
2025-03-05T13:05:01.475289,76.76
2025-03-05T13:06:01.704252,75.29
2025-03-05T13:07:01.288061,75.24
2025-03-05T13:08:00.866485,76.12
2025-03-05T13:09:01.300440,76.24
2025-03-05T13:10:01.174772,76.59
2025-03-05T13:11:00.709016,75.29
2025-03-05T13:12:01.209961,75.65
2025-03-05T13:13:01.195480,76.24
2025-03-05T13:14:01.027424,75.53
2025-03-05T13:15:01.005645,75.76
2025-03-05T13:16:00.829861,75.12
2025-03-05T13:17:01.365324,75.24
2025-03-05T13:18:01.332804,75.0
2025-03-05T13:19:00.853026,75.53
2025-03-05T13:20:01.467870,75.53
2025-03-05T13:21:02.070041,75.59
2025-03-05T13:22:01.055660,74.76
2025-03-05T13:23:00.606452,77.35
2025-03-05T13:24:01.087115,75.71
2025-03-05T13:25:01.075878,75.71
2025-03-05T13:26:00.903866,75.18
2025-03-05T13:27:01.424119,75.71
2025-03-05T13:28:01.020154,76.47
2025-03-05T13:29:00.672341,75.88
2025-03-05T13:30:01.160574,75.41
2025-03-05T13:31:00.542941,75.53
2025-03-05T13:32:01.067136,75.82
2025-03-05T13:33:01.050768,74.18
2025-03-05T13:34:00.616895,74.71
2025-03-05T13:35:01.105895,74.82
2025-03-05T13:36:00.690649,76.06
2025-03-05T13:37:01.210074,74.88
2025-03-05T13:38:01.114088,74.59
2025-03-05T13:39:00.799989,73.35
2025-03-05T13:40:01.274564,75.71
2025-03-05T13:41:01.118666,75.71
2025-03-05T13:42:01.116434,75.06
2025-03-05T13:43:00.631329,75.47
2025-03-05T13:44:01.152670,74.29
2025-03-05T13:45:01.139340,72.76
2025-03-05T13:46:00.716657,75.82
2025-03-05T13:47:01.171971,75.47
2025-03-05T13:48:00.768903,75.88
2025-03-05T13:49:01.287997,76.29
2025-03-05T13:50:01.223709,75.59
2025-03-05T13:51:01.799719,76.47
2025-03-05T13:52:01.125885,76.41
2025-03-05T13:53:00.626198,75.94
2025-03-05T13:54:01.120847,43.12
2025-03-05T13:55:00.740080,43.35
2025-03-05T13:56:02.244138,42.18
2025-03-05T13:57:01.227781,43.12
2025-03-05T13:58:01.131699,42.82
2025-03-05T13:59:00.668978,42.65
2025-03-05T14:00:01.173996,42.59
2025-03-05T14:01:00.803119,43.18
2025-03-05T14:02:01.306866,43.53
2025-03-05T14:03:01.272920,43.12
2025-03-05T14:04:00.829150,43.0
2025-03-05T14:05:01.308088,42.94
2025-03-05T14:06:01.294476,43.18
2025-03-05T14:07:00.842746,42.59
2025-03-05T14:08:01.332300,43.0
2025-03-05T14:09:00.954793,42.59
2025-03-05T14:10:01.446256,43.41
2025-03-05T14:11:01.127412,43.18
2025-03-05T14:12:00.642732,42.65
2025-03-05T14:13:01.272917,42.94
2025-03-05T14:14:00.550599,43.53
2025-03-05T14:15:01.466716,43.0
2025-03-05T14:16:00.976590,43.35
2025-03-05T14:17:01.463702,42.94
2025-03-05T14:18:00.778281,42.76
2025-03-05T14:19:02.278018,42.94
2025-03-05T14:20:00.881795,43.18
2025-03-05T14:21:01.416955,43.47
2025-03-05T14:22:00.981394,43.12
2025-03-05T14:23:01.803548,42.94
2025-03-05T14:24:02.021379,43.24
2025-03-05T14:25:00.387174,42.65
2025-03-05T14:26:00.927576,42.94
2025-03-05T14:27:01.435590,42.76
2025-03-05T14:28:01.032684,43.24
2025-03-05T14:29:00.319683,43.47
2025-03-05T14:30:00.846233,42.41
2025-03-05T14:31:01.746766,43.24
2025-03-05T14:32:01.649695,43.0
2025-03-05T14:33:01.553929,42.65
2025-03-05T14:34:01.563925,42.59
2025-03-05T14:35:00.977437,42.53
2025-03-05T14:36:01.882593,43.0
2025-03-05T14:37:01.785436,42.24
2025-03-05T14:38:01.318836,42.59
2025-03-05T14:39:01.286403,42.53
2025-03-05T14:40:00.805946,42.82
2025-03-05T14:41:01.343966,42.65
2025-03-05T14:42:01.307278,41.76
2025-03-05T14:43:00.822838,41.71
2025-03-05T14:44:01.364811,41.71
2025-03-05T14:45:00.942497,42.47
2025-03-05T14:46:01.457275,42.59
2025-03-05T14:47:01.445078,42.24
2025-03-05T14:48:01.348407,42.0
2025-03-05T14:49:00.861182,42.59
2025-03-05T14:50:01.406813,41.76
2025-03-05T14:51:01.371060,42.59
2025-03-05T14:52:01.273664,41.94
2025-03-05T14:53:00.807757,42.29
2025-03-05T14:54:02.312852,42.53
2025-03-05T14:55:01.296282,41.71
2025-03-05T14:56:00.832820,41.76
2025-03-05T14:57:01.159972,42.59
2025-03-05T14:58:01.247749,42.76
2025-03-05T14:59:00.771312,41.59
2025-03-05T15:00:01.278660,42.71
2025-03-05T15:01:00.895906,41.71
2025-03-05T15:02:01.399051,42.65
2025-03-05T15:03:01.297228,41.71
2025-03-05T15:04:00.640430,42.65
2025-03-05T15:05:02.028278,42.76
2025-03-05T15:06:01.104454,41.71
2025-03-05T15:07:00.618483,41.88
2025-03-05T15:08:01.143625,42.53
2025-03-05T15:09:00.460280,42.24
2025-03-05T15:10:00.949368,42.53
2025-03-05T15:11:01.469997,42.24
2025-03-05T15:12:00.760390,42.0
2025-03-05T15:13:01.271241,41.59
2025-03-05T15:14:00.874917,42.06
2025-03-05T15:15:02.396226,42.59
2025-03-05T15:16:00.992420,41.94
2025-03-05T15:17:00.590787,42.59
2025-03-05T15:18:01.122822,42.18
2025-03-05T15:19:00.504036,42.94
2025-03-05T15:20:01.320114,42.41
2025-03-05T15:21:01.318646,42.53
2025-03-05T15:22:00.834754,42.59
2025-03-05T15:23:01.382296,41.76
2025-03-05T15:24:01.340903,42.71
2025-03-05T15:25:00.867617,41.65
2025-03-05T15:26:01.387978,42.41
2025-03-05T15:27:01.362608,42.18
2025-03-05T15:28:01.270744,42.06
2025-03-05T15:29:01.180615,42.0
2025-03-05T15:30:00.614742,41.65
2025-03-05T15:31:01.132619,41.82
2025-03-05T15:32:00.705939,41.59
2025-03-05T15:33:01.240138,42.41
2025-03-05T15:34:00.827089,42.0
2025-03-05T15:35:01.385115,42.59
2025-03-05T15:36:01.335189,42.18
2025-03-05T15:37:01.151836,41.71
2025-03-05T15:38:00.450147,42.59
2025-03-05T15:39:00.995923,41.29
2025-03-05T15:40:00.584040,41.94
2025-03-05T15:41:01.579023,42.65
2025-03-05T15:42:01.482793,41.71
2025-03-05T15:43:01.003120,41.71
2025-03-05T15:44:00.897941,41.71
2025-03-05T15:45:01.426257,41.71
2025-03-05T15:46:01.410356,41.0
2025-03-05T15:47:00.939269,41.47
2025-03-05T15:48:01.764002,42.0
2025-03-05T15:49:01.055785,42.29
2025-03-05T15:50:01.031018,42.24
2025-03-05T15:51:00.577559,41.47
2025-03-05T15:52:01.096457,41.88
2025-03-05T15:53:01.053940,42.65
2025-03-05T15:54:00.568708,41.94
2025-03-05T15:55:01.102144,41.82
2025-03-05T15:56:00.711132,41.47
2025-03-05T15:57:01.210988,41.29
2025-03-05T15:58:00.850225,42.41
2025-03-05T15:59:01.708423,42.06
2025-03-05T16:00:01.238963,41.65
2025-03-05T16:01:01.209020,41.82
2025-03-05T16:02:00.744170,41.94
2025-03-05T16:03:01.553227,42.18
2025-03-05T16:04:01.541039,41.53
2025-03-05T16:05:01.071449,42.06
2025-03-05T16:06:00.346628,41.82
2025-03-05T16:07:00.882788,41.29
2025-03-05T16:08:01.695013,41.88
2025-03-05T16:09:01.681296,42.47
2025-03-05T16:10:01.587881,41.82
2025-03-05T16:11:01.128156,41.47
2025-03-05T16:12:00.388710,41.71
2025-03-05T16:13:00.918751,41.53
2025-03-05T16:14:01.336442,41.94
2025-03-05T16:15:01.316255,41.71
2025-03-05T16:16:00.843175,41.82
2025-03-05T16:17:01.379491,41.59
2025-03-05T16:18:01.337380,41.47
2025-03-05T16:19:01.244712,41.82
2025-03-05T16:20:00.815894,42.59
2025-03-05T16:21:01.280954,41.76
2025-03-05T16:22:00.566281,41.29
2025-03-05T16:23:01.477972,41.82
2025-03-05T16:24:00.805193,41.53
2025-03-05T16:25:01.312599,41.65
2025-03-05T16:26:01.299006,41.71
2025-03-05T16:27:01.200250,41.76
2025-03-05T16:28:01.007120,41.59
2025-03-05T16:29:00.892979,41.71
2025-03-05T16:30:01.438591,40.76
2025-03-05T16:31:01.405907,41.24
2025-03-05T16:32:00.966666,42.41
2025-03-05T16:33:01.829213,42.47
2025-03-05T16:34:01.733303,41.06
2025-03-05T16:35:01.638688,41.35
2025-03-05T16:36:01.159805,40.82
2025-03-05T16:37:01.140106,41.76
2025-03-05T16:38:00.661580,41.0
2025-03-05T16:39:01.177490,41.41
2025-03-05T16:40:01.160163,41.94
2025-03-05T16:41:00.676430,41.76
2025-03-05T16:42:01.584813,40.94
2025-03-05T16:43:01.488600,41.12
2025-03-05T16:44:01.004237,41.53
2025-03-05T16:45:00.992059,42.24
2025-03-05T16:46:00.310383,41.47
2025-03-05T16:47:00.819239,42.47
2025-03-05T16:48:01.728276,41.0
2025-03-05T16:49:01.632689,41.76
2025-03-05T16:50:02.151031,41.29
2025-03-05T16:51:01.135028,40.76
2025-03-05T16:52:00.657383,41.82
2025-03-05T16:53:01.558813,42.53
2025-03-05T16:54:01.462570,42.18
2025-03-05T16:55:00.991356,42.41
2025-03-05T16:56:00.589960,41.35
2025-03-05T16:57:01.494852,42.06
2025-03-05T16:58:01.491607,41.65
2025-03-05T16:59:01.015114,41.24
2025-03-05T17:00:00.611971,41.94
2025-03-05T17:01:01.094365,41.24
2025-03-05T17:02:01.071844,41.12
2025-03-05T17:03:00.592619,42.0
2025-03-05T17:04:01.415328,41.53
2025-03-05T17:05:01.397385,42.65
2025-03-05T17:06:01.299716,41.0
2025-03-05T17:07:01.204518,40.53
2025-03-05T17:08:00.623205,41.0
2025-03-05T17:09:01.831262,41.35
2025-03-05T17:10:01.736463,41.76
2025-03-05T17:11:01.639698,41.12
2025-03-05T17:12:01.165790,41.24
2025-03-05T17:13:01.138612,41.35
2025-03-05T17:14:00.951224,41.12
2025-03-05T17:15:01.485076,41.47
2025-03-05T17:16:01.464572,41.59
2025-03-05T17:17:00.980638,41.24
2025-03-05T17:18:01.886918,40.76
2025-03-05T17:19:02.914927,41.24
2025-03-05T17:20:01.249613,41.0
2025-03-05T17:21:00.816544,41.71
2025-03-05T17:22:01.322780,41.0
2025-03-05T17:23:01.299818,41.94
2025-03-05T17:24:00.849458,41.41
2025-03-05T17:25:01.337211,40.76
2025-03-05T17:26:01.317888,41.41
2025-03-05T17:27:01.222284,40.88
2025-03-05T17:28:01.123467,41.59
2025-03-05T17:29:01.130287,41.41
2025-03-05T17:30:00.750787,41.24
2025-03-05T17:31:01.270843,41.12
2025-03-05T17:32:01.249373,42.06
2025-03-05T17:33:01.153051,41.71
2025-03-05T17:34:00.982614,41.41
2025-03-05T17:35:00.609284,40.71
2025-03-05T17:36:01.446996,40.82
2025-03-05T17:37:01.433533,41.76
2025-03-05T17:38:00.962468,40.76
2025-03-05T17:39:01.855967,41.94
2025-03-05T17:40:01.270475,40.76
2025-03-05T17:41:01.256424,40.88
2025-03-05T17:42:01.160241,40.94
2025-03-05T17:43:00.997375,38.06
2025-03-05T17:44:00.970800,40.82
2025-03-05T17:45:01.413086,40.94
2025-03-05T17:46:01.397830,41.71
2025-03-05T17:47:00.925102,40.94
2025-03-05T17:48:01.426131,41.76
2025-03-05T17:49:01.344142,40.71
2025-03-05T17:50:00.627239,41.12
2025-03-05T17:51:01.636977,40.59
2025-03-05T17:52:01.158302,40.71
2025-03-05T17:53:00.449519,40.71
2025-03-05T17:54:01.286336,40.47
2025-03-05T17:55:00.882596,40.82
2025-03-05T17:56:01.391621,40.35
2025-03-05T17:57:01.372267,40.65
2025-03-05T17:58:00.903738,41.24
2025-03-05T17:59:02.034160,40.71
2025-03-05T18:00:01.087279,38.71
2025-03-05T18:01:00.302199,41.06
2025-03-05T18:02:00.832040,40.76
2025-03-05T18:03:01.723687,40.71
2025-03-05T18:04:03.267523,40.65
2025-03-05T18:05:01.225398,40.94
2025-03-05T18:06:00.739837,40.59
2025-03-05T18:07:01.649766,40.59
2025-03-05T18:08:01.181740,40.18
2025-03-05T18:09:01.152318,40.71
2025-03-05T18:10:00.696801,41.24
2025-03-05T18:11:01.220216,40.94
2025-03-05T18:12:00.502997,41.53
2025-03-05T18:13:00.913495,40.53
2025-03-05T18:14:01.754789,40.35
2025-03-05T18:15:01.370514,40.29
2025-03-05T18:16:01.322782,41.06
2025-03-05T18:17:00.841179,40.82
2025-03-05T18:18:01.396558,40.71
2025-03-05T18:19:01.256807,40.65
2025-03-05T18:20:01.179892,40.82
2025-03-05T18:21:00.769519,40.53
2025-03-05T18:22:01.288633,41.24
2025-03-05T18:23:01.380229,40.76
2025-03-05T18:24:01.367002,41.0
2025-03-05T18:25:00.907158,40.76
2025-03-05T18:26:01.814527,40.76
2025-03-05T18:27:01.329689,40.65
2025-03-05T18:28:01.314690,40.71
2025-03-05T18:29:01.139948,40.41
2025-03-05T18:30:01.125476,40.47
2025-03-05T18:31:00.658628,39.76
2025-03-05T18:32:01.549643,40.35
2025-03-05T18:33:01.069661,41.0
2025-03-05T18:34:05.968654,40.71
2025-03-05T18:35:01.879862,39.82
2025-03-05T18:36:01.425042,40.71
2025-03-05T18:37:00.996117,40.53
2025-03-05T18:38:01.083014,40.12
2025-03-05T18:39:01.194667,40.41
2025-03-05T18:40:00.708863,40.18
2025-03-05T18:41:01.619016,40.18
2025-03-05T18:42:01.109068,40.18
2025-03-05T18:43:00.401676,40.71
2025-03-05T18:44:00.907884,40.65
2025-03-05T18:45:01.363912,40.53
2025-03-05T18:46:00.950087,40.71
2025-03-05T18:47:01.437164,39.94
2025-03-05T18:48:01.034691,40.71
2025-03-05T18:49:01.026130,40.71
2025-03-05T18:50:00.553435,39.59
2025-03-05T18:51:01.066834,39.71
2025-03-05T18:52:00.970502,40.71
2025-03-05T18:53:01.482885,40.29
2025-03-05T18:54:01.468776,40.71
2025-03-05T18:55:00.995252,40.47
2025-03-05T18:56:00.481269,40.35
2025-03-05T18:57:01.374841,40.41
2025-03-05T18:58:00.902412,39.82
2025-03-05T18:59:01.433810,40.65
2025-03-05T19:00:01.409622,40.06
2025-03-05T19:01:00.935775,40.53
2025-03-05T19:02:02.364820,40.35
2025-03-05T19:03:01.430847,39.82
2025-03-05T19:04:01.333215,40.18
2025-03-05T19:05:00.850666,39.94
2025-03-05T19:06:01.382589,40.29
2025-03-05T19:07:00.760831,40.41
2025-03-05T19:08:01.293517,40.59
2025-03-05T19:09:01.266876,39.94
2025-03-05T19:10:00.780947,40.53
2025-03-05T19:11:01.689383,40.06
2025-03-05T19:12:01.399812,40.12
2025-03-05T19:13:00.814976,39.59
2025-03-05T19:14:01.327538,39.65
2025-03-05T19:15:00.905604,39.71
2025-03-05T19:16:01.814572,39.94
2025-03-05T19:17:01.637197,40.59
2025-03-05T19:18:01.083510,39.41
2025-03-05T19:19:01.014256,39.94
2025-03-05T19:20:00.529612,40.0
2025-03-05T19:21:01.437372,39.18
2025-03-05T19:22:01.065339,40.06
2025-03-05T19:23:00.845506,39.94
2025-03-05T19:24:01.384313,40.0
2025-03-05T19:25:01.361623,39.18
2025-03-05T19:26:00.874871,39.71
2025-03-05T19:27:01.704130,40.18
2025-03-05T19:28:01.688319,39.76
2025-03-05T19:29:01.593682,39.94
2025-03-05T19:30:01.107793,40.18
2025-03-05T19:31:01.097857,39.82
2025-03-05T19:32:01.000405,40.06
2025-03-05T19:33:00.523941,39.65
2025-03-05T19:34:01.424433,39.59
2025-03-05T19:35:01.323550,39.76
2025-03-05T19:36:00.844281,40.29
2025-03-05T19:37:01.356408,39.59
2025-03-05T19:38:00.649769,39.18
2025-03-05T19:39:01.159236,39.35
2025-03-05T19:40:00.776120,39.47
2025-03-05T19:41:01.317170,39.12
2025-03-05T19:42:00.868102,39.41
2025-03-05T19:43:01.389965,40.18
2025-03-05T19:44:00.702949,39.59
2025-03-05T19:45:01.202687,39.88
2025-03-05T19:46:01.184131,40.18
2025-03-05T19:47:00.705233,40.0
2025-03-05T19:48:01.603527,39.35
2025-03-05T19:49:01.130729,39.35
2025-03-05T19:50:01.106254,39.94
2025-03-05T19:51:01.317765,39.59
2025-03-05T19:52:00.837192,39.35
2025-03-05T19:53:01.409037,39.76
2025-03-05T19:54:01.314606,40.47
2025-03-05T19:55:00.914042,39.12
2025-03-05T19:56:01.434622,40.12
2025-03-05T19:57:00.721455,39.65
2025-03-05T19:58:01.537436,39.18
2025-03-05T19:59:01.168978,40.06
2025-03-05T20:00:00.442853,40.12
2025-03-05T20:01:01.414388,39.18
2025-03-05T20:02:01.058998,39.35
2025-03-05T20:03:00.567940,39.94
2025-03-05T20:04:01.472378,39.47
2025-03-05T20:05:01.913849,40.65
2025-03-05T20:06:01.214671,39.71
2025-03-05T20:07:01.187821,40.71
2025-03-05T20:08:00.713332,40.29
2025-03-05T20:09:01.218272,39.59
2025-03-05T20:10:00.827747,40.18
2025-03-05T20:11:01.731067,39.24
2025-03-05T20:12:01.738800,40.47
2025-03-05T20:13:01.263239,39.88
2025-03-05T20:14:00.847743,39.41
2025-03-05T20:15:02.377757,39.18
2025-03-05T20:16:01.359838,39.65
2025-03-05T20:17:00.869059,39.71
2025-03-05T20:18:02.133538,1.06
2025-03-05T20:19:01.003625,1.18
2025-03-05T20:20:05.468748,-1
2025-03-05T20:21:05.771004,-1
2025-03-05T20:22:06.217276,-1
2025-03-05T20:23:00.630910,-1
2025-03-05T20:24:01.380909,7.0
2025-03-05T20:25:00.922997,9.29
2025-03-05T20:26:01.743175,7.24
2025-03-05T20:27:01.140781,5.41
2025-03-05T20:28:00.621072,7.24
2025-03-05T20:29:01.175095,7.12
2025-03-05T20:30:00.748411,6.88
2025-03-05T20:31:01.268958,7.88
2025-03-05T20:32:00.850773,6.94
2025-03-05T20:33:01.166192,6.18
2025-03-05T20:34:01.054476,6.76
2025-03-05T20:35:00.566345,6.12
2025-03-05T20:36:01.474589,7.24
2025-03-05T20:37:01.010484,7.71
2025-03-05T20:38:00.977683,7.12
2025-03-05T20:39:01.429556,7.06
2025-03-05T20:40:01.014338,7.59
2025-03-05T20:41:00.996581,8.94
2025-03-05T20:42:00.513541,6.24
2025-03-05T20:43:01.030886,7.65
2025-03-05T20:44:00.534737,8.12
2025-03-05T20:45:01.039137,7.0
2025-03-05T20:46:00.443146,7.71
2025-03-05T20:47:00.847021,7.12
2025-03-05T20:48:01.367121,7.24
2025-03-05T20:49:00.986266,7.06
2025-03-05T20:50:00.560167,6.24
2025-03-05T20:51:01.078427,8.88
2025-03-05T20:52:01.068362,7.41
2025-03-05T20:53:00.580688,7.06
2025-03-05T20:54:01.110957,8.35
2025-03-05T20:55:00.695815,7.65
2025-03-05T20:56:01.210538,8.59
2025-03-05T20:57:01.128511,7.35
2025-03-05T20:58:01.109266,8.06
2025-03-05T20:59:00.615066,6.88
2025-03-05T21:00:01.140893,7.06
2025-03-05T21:01:00.736964,8.59
2025-03-05T21:02:01.953196,7.12
2025-03-05T21:03:02.165760,7.06
